<?xml version="1.0" ?>
<swc xmlns="http://www.adobe.com/flash/swccatalog/9">
    <versions>
        <swc version="1.2"/>
        <compiler name="ActionScript Compiler" version="2.0.0" build="354209"/>
    </versions>
    <features>
        <feature-script-deps/>
    </features>
    <libraries>
        <library path="library.swf">
            <script name="com/assukar/desktop/windows/WindowsExtensionWrapper" mod="1604695278406">
                <def id="com.assukar.desktop.windows:WindowsExtensionWrapper"/>
                <dep id="Function" type="s"/>
                <dep id="String" type="s"/>
                <dep id="flash.events:EventDispatcher" type="i"/>
                <dep id="flash.events:IEventDispatcher" type="s"/>
                <dep id="flash.events:StatusEvent" type="s"/>
                <dep id="flash.external:ExtensionContext" type="s"/>
                <dep id="trace" type="e"/>
            </script>
            <digests>
                <digest type="SHA-256" signed="false" value="b6f5174a5e43b88983e5c7d89eacaea672ceb65d9ebb64cdba236230d4ac00c9"/>
            </digests>
        </library>
    </libraries>
</swc>