<?xml version="1.0" ?>
<swc xmlns="http://www.adobe.com/flash/swccatalog/9">
    <versions>
        <swc version="1.2"/>
        <compiler name="ActionScript Compiler" version="2.0.0" build="354209"/>
    </versions>
    <features>
        <feature-script-deps/>
    </features>
    <libraries>
        <library path="library.swf">
            <script name="com/assukar/desktop/windows/WindowsExtensionWrapper" mod="1605293031892">
                <def id="com.assukar.desktop.windows:WindowsExtensionWrapper"/>
                <dep id="Function" type="s"/>
                <dep id="String" type="s"/>
                <dep id="com.assukar.desktop.windows.hardwareinfo:HardwareInfo" type="e"/>
                <dep id="com.assukar.desktop.windows.hardwareinfo:IHardwareInfo" type="s"/>
                <dep id="flash.events:EventDispatcher" type="i"/>
                <dep id="flash.events:IEventDispatcher" type="s"/>
                <dep id="flash.events:StatusEvent" type="s"/>
                <dep id="flash.external:ExtensionContext" type="s"/>
                <dep id="trace" type="e"/>
            </script>
            <script name="com/assukar/desktop/windows/hardwareinfo/HardwareInfo" mod="1605126333663">
                <def id="com.assukar.desktop.windows.hardwareinfo:HardwareInfo"/>
                <dep id="JSON" type="e"/>
                <dep id="Object" type="i"/>
                <dep id="String" type="s"/>
                <dep id="com.assukar.desktop.windows.hardwareinfo:IHardwareInfo" type="i"/>
            </script>
            <script name="com/assukar/desktop/windows/hardwareinfo/IHardwareInfo" mod="1605125945664">
                <def id="com.assukar.desktop.windows.hardwareinfo:IHardwareInfo"/>
                <dep id="Object" type="i"/>
                <dep id="String" type="s"/>
            </script>
            <digests>
                <digest type="SHA-256" signed="false" value="490f090730c436c4a567e5885890502ca76de1b7735b5dbe9c8e3a5e7c409b87"/>
            </digests>
        </library>
    </libraries>
</swc>